chrom,start,end,value
chr15,72899061,72899088,1
chr15,72899139,72899166,1
chr15,72905945,72905972,1
chr15,72914170,72914197,2
chr15,72915574,72915579,1
chr15,72915579,72915586,2
chr15,72915586,72915601,3
chr15,72915601,72915606,2
chr15,72915606,72915613,1
chr15,72915832,72915859,1
chr15,72915983,72915988,1
chr15,72915988,72916010,2
chr15,72916010,72916015,1
chr15,72916074,72916101,1
chr15,72916110,72916112,2
chr15,72916112,72916137,3
chr15,72916137,72916139,1
chr15,72916150,72916177,1
chr15,72916178,72916180,1
chr15,72916180,72916205,2
chr15,72916205,72916207,1
chr15,72916208,72916235,1
chr15,72916322,72916349,1
chr15,72916353,72916380,1
chr15,72916387,72916401,1
chr15,72916401,72916428,2
chr15,72916428,72916441,1
chr15,72916446,72916449,1
chr15,72916449,72916458,2
chr15,72916458,72916473,3
chr15,72916473,72916476,2
chr15,72916476,72916485,1
chr15,72916549,72916576,1
chr15,72916764,72916791,1
chr15,72916795,72916822,1
chr15,72917043,72917070,1
chr15,72917097,72917124,1
chr15,72917143,72917170,2
chr15,72917179,72917206,1
chr15,72917310,72917311,1
chr15,72917311,72917313,2
chr15,72917313,72917337,3
chr15,72917337,72917338,2
chr15,72917338,72917340,1
chr15,72917368,72917395,1
chr15,72917447,72917466,1
chr15,72917466,72917474,2
chr15,72917474,72917493,1
chr15,72917607,72917634,1
chr15,72917692,72917719,1
chr15,72917880,72917907,1
chr15,72917989,72918016,2
chr15,72918038,72918049,1
chr15,72918049,72918065,2
chr15,72918065,72918076,1
chr15,72918404,72918431,1
chr15,72918695,72918710,1
chr15,72918710,72918722,2
chr15,72918722,72918737,1
chr15,72919092,72919119,1
chr15,72919453,72919480,1
chr15,72919640,72919667,2
chr15,72919688,72919715,1
chr15,72919718,72919731,1
chr15,72919731,72919741,2
chr15,72919741,72919745,4
chr15,72919745,72919758,3
chr15,72919758,72919768,2
chr15,72919819,72919836,1
chr15,72919836,72919846,2
chr15,72919846,72919863,1
chr15,72919958,72919962,1
chr15,72919962,72919972,2
chr15,72919972,72919974,3
chr15,72919974,72919985,4
chr15,72919985,72919989,3
chr15,72919989,72919999,2
chr15,72919999,72920001,1
chr15,72920001,72920028,2
chr15,72920801,72920812,1
chr15,72920812,72920813,2
chr15,72920813,72920814,3
chr15,72920814,72920816,4
chr15,72920816,72920820,6
chr15,72920820,72920826,7
chr15,72920826,72920828,8
chr15,72920828,72920839,7
chr15,72920839,72920840,6
chr15,72920840,72920841,5
chr15,72920841,72920843,4
chr15,72920843,72920847,2
chr15,72920847,72920849,1
chr15,72920849,72920853,2
chr15,72920853,72920858,1
chr15,72920858,72920859,2
chr15,72920859,72920862,5
chr15,72920862,72920865,6
chr15,72920865,72920876,7
chr15,72920876,72920877,6
chr15,72920877,72920880,7
chr15,72920880,72920885,8
chr15,72920885,72920886,7
chr15,72920886,72920889,4
chr15,72920889,72920892,3
chr15,72920892,72920904,2
chr15,72920904,72920907,1
chr15,72920990,72921004,1
chr15,72921004,72921017,2
chr15,72921017,72921031,1
chr15,72921331,72921358,1
chr15,72921510,72921537,1
chr15,72921698,72921699,3
chr15,72921699,72921701,4
chr15,72921701,72921719,5
chr15,72921719,72921725,6
chr15,72921725,72921726,4
chr15,72921726,72921728,3
chr15,72921728,72921740,2
chr15,72921740,72921745,4
chr15,72921745,72921746,5
chr15,72921746,72921752,4
chr15,72921752,72921756,3
chr15,72921756,72921760,4
chr15,72921760,72921767,5
chr15,72921767,72921772,3
chr15,72921772,72921783,2
chr15,72921783,72921787,1
chr15,72921800,72921827,1
chr15,72921971,72921998,1
chr15,72922407,72922434,1
chr15,72922505,72922532,1
chr15,72923033,72923060,1
chr15,72923237,72923264,1
chr15,72923353,72923366,1
chr15,72923366,72923380,2
chr15,72923380,72923382,1
chr15,72923382,72923389,2
chr15,72923389,72923393,3
chr15,72923393,72923409,2
chr15,72923409,72923412,1
chr15,72923412,72923416,2
chr15,72923416,72923439,1
chr15,72923473,72923474,1
chr15,72923474,72923480,2
chr15,72923480,72923500,3
chr15,72923500,72923501,2
chr15,72923501,72923503,1
chr15,72923503,72923507,2
chr15,72923507,72923523,1
chr15,72923523,72923529,2
chr15,72923529,72923530,3
chr15,72923530,72923542,2
chr15,72923542,72923550,3
chr15,72923550,72923556,2
chr15,72923556,72923569,1
chr15,72923600,72923601,1
chr15,72923601,72923604,2
chr15,72923604,72923627,3
chr15,72923627,72923628,2
chr15,72923628,72923631,1
chr15,72923637,72923664,1
chr15,72923737,72923764,1
chr15,72923771,72923798,1
chr15,72923812,72923839,1
chr15,72923846,72923873,1
chr15,72924093,72924114,1
chr15,72924114,72924120,2
chr15,72924120,72924141,1
chr15,72924164,72924168,1
chr15,72924168,72924191,2
chr15,72924191,72924195,1
chr15,72924259,72924286,2
chr15,72924331,72924337,1
chr15,72924337,72924358,2
chr15,72924358,72924364,1
chr15,72924366,72924389,2
chr15,72924389,72924393,3
chr15,72924393,72924411,1
chr15,72924411,72924416,2
chr15,72924416,72924438,1
chr15,72924439,72924456,1
chr15,72924456,72924457,3
chr15,72924457,72924458,5
chr15,72924458,72924459,6
chr15,72924459,72924466,7
chr15,72924466,72924483,6
chr15,72924483,72924484,4
chr15,72924484,72924485,2
chr15,72924485,72924486,1
chr15,72924519,72924537,1
chr15,72924537,72924544,2
chr15,72924544,72924546,3
chr15,72924546,72924564,2
chr15,72924564,72924571,1
chr15,72924865,72924886,1
chr15,72924886,72924892,2
chr15,72924892,72924897,1
chr15,72924897,72924902,2
chr15,72924902,72924913,3
chr15,72924913,72924914,2
chr15,72924914,72924924,3
chr15,72924924,72924929,2
chr15,72924929,72924943,1
chr15,72924943,72924968,2
chr15,72924968,72924970,1
chr15,72925114,72925141,1
chr15,72925226,72925236,1
chr15,72925236,72925253,2
chr15,72925253,72925263,1
chr15,72925679,72925706,1
chr15,72926870,72926897,1
chr15,72927138,72927165,1
chr15,72927219,72927246,1
chr15,72927267,72927294,1
chr15,72927948,72927975,1
chr15,72927999,72928026,1
chr15,72928032,72928059,1
chr15,72928992,72929019,1
chr15,72929924,72929927,2
chr15,72929927,72929938,8
chr15,72929938,72929945,9
chr15,72929945,72929951,10
chr15,72929951,72929954,8
chr15,72929954,72929965,2
chr15,72929965,72929972,1
chr15,72930325,72930341,2
chr15,72930341,72930352,3
chr15,72930352,72930368,1
chr15,72930754,72930781,1
chr15,72930790,72930792,1
chr15,72930792,72930817,2
chr15,72930817,72930819,1
chr15,72930841,72930868,1
chr15,72930915,72930942,1
chr15,72931481,72931488,1
chr15,72931488,72931508,2
chr15,72931508,72931515,1
chr15,72931528,72931555,1
chr15,72931906,72931933,1
chr15,72932112,72932139,1
chr15,72932318,72932345,1
chr15,72932873,72932900,1
chr15,72932933,72932960,1
chr15,72933096,72933123,1
chr15,72933125,72933179,1
chr15,72933206,72933233,1
chr15,72933252,72933255,1
chr15,72933255,72933279,2
chr15,72933279,72933282,1
chr15,72933376,72933403,1
chr15,72933416,72933419,1
chr15,72933419,72933420,2
chr15,72933420,72933421,3
chr15,72933421,72933425,4
chr15,72933425,72933443,5
chr15,72933443,72933446,4
chr15,72933446,72933447,3
chr15,72933447,72933448,2
chr15,72933448,72933452,1
chr15,72933458,72933472,1
chr15,72933472,72933478,2
chr15,72933478,72933485,3
chr15,72933485,72933499,2
chr15,72933499,72933505,1
chr15,72933681,72933708,1
chr15,72933984,72933986,1
chr15,72933986,72933987,3
chr15,72933987,72933990,5
chr15,72933990,72934011,6
chr15,72934011,72934013,5
chr15,72934013,72934014,4
chr15,72934014,72934017,2
chr15,72934017,72934040,1
chr15,72934386,72934413,1
chr15,72935336,72935363,2
chr15,72936282,72936309,1
chr15,72936480,72936507,1
chr15,72936522,72936549,1
chr15,72936779,72936806,1
chr15,72937650,72937677,1
chr15,72937979,72938006,1
chr15,72938065,72938092,1
chr15,72938533,72938560,1
chr15,72938595,72938622,1
chr15,72939197,72939224,1
chr15,72940190,72940217,1
chr15,72943231,72943258,1
chr15,72943318,72943345,1
chr15,72943779,72943806,1
chr15,72943815,72943842,1
chr15,72943869,72943896,1
chr15,72943920,72943947,1
chr15,72944031,72944058,1
chr15,72944923,72944943,1
chr15,72944943,72944950,2
chr15,72944950,72944970,1
chr15,72945015,72945024,1
chr15,72945024,72945042,2
chr15,72945042,72945051,1
chr15,72945610,72945637,1
chr15,72945784,72945811,1
chr15,72946603,72946630,1
chr15,72946696,72946723,1
chr15,72946839,72946866,1
chr15,72947786,72947813,1
chr15,72950131,72950158,1
chr15,72951859,72951886,1
chr15,72951913,72951940,1
chr15,72952376,72952403,1
chr15,72952593,72952620,1
chr15,72952621,72952625,1
chr15,72952625,72952627,3
chr15,72952627,72952628,5
chr15,72952628,72952629,7
chr15,72952629,72952648,8
chr15,72952648,72952652,7
chr15,72952652,72952654,6
chr15,72952654,72952655,4
chr15,72952655,72952656,2
chr15,72952656,72952670,1
chr15,72952670,72952671,2
chr15,72952671,72952673,4
chr15,72952673,72952674,5
chr15,72952674,72952676,6
chr15,72952676,72952679,7
chr15,72952679,72952693,6
chr15,72952693,72952695,7
chr15,72952695,72952696,9
chr15,72952696,72952697,10
chr15,72952697,72952698,9
chr15,72952698,72952700,7
chr15,72952700,72952701,6
chr15,72952701,72952703,5
chr15,72952703,72952704,4
chr15,72952704,72952712,5
chr15,72952712,72952720,6
chr15,72952720,72952722,5
chr15,72952722,72952723,3
chr15,72952723,72952731,2
chr15,72952731,72952739,1
chr15,72952824,72952851,1
chr15,72958003,72958030,1
chr15,72958641,72958668,1
chr15,72958853,72958880,1
chr15,72969458,72969485,1
chr15,72969791,72969799,1
chr15,72969799,72969818,2
chr15,72969818,72969826,1
chr15,72969930,72969931,1
chr15,72969931,72969938,2
chr15,72969938,72969957,3
chr15,72969957,72969958,2
chr15,72969958,72969962,1
chr15,72969962,72969964,2
chr15,72969964,72969965,3
chr15,72969965,72969983,2
chr15,72969983,72969985,3
chr15,72969985,72969991,4
chr15,72969991,72970000,3
chr15,72970000,72970002,4
chr15,72970002,72970005,5
chr15,72970005,72970010,7
chr15,72970010,72970012,6
chr15,72970012,72970016,5
chr15,72970016,72970027,4
chr15,72970027,72970029,3
chr15,72970029,72970032,2
chr15,72970188,72970215,1
chr15,72970229,72970256,1
chr15,72970367,72970394,1
chr15,72970659,72970686,1
chr15,72970783,72970810,1
chr15,72970812,72970817,1
chr15,72970817,72970839,2
chr15,72970839,72970844,1
chr15,72970902,72970914,1
chr15,72970914,72970921,3
chr15,72970921,72970929,4
chr15,72970929,72970931,3
chr15,72970931,72970941,4
chr15,72970941,72970948,2
chr15,72970948,72970958,1
chr15,72971009,72971036,1
chr15,72971303,72971330,1
chr15,72971767,72971794,1
chr15,72972064,72972072,1
chr15,72972072,72972076,2
chr15,72972076,72972091,3
chr15,72972091,72972099,2
chr15,72972099,72972103,1
chr15,72972114,72972141,1
chr15,72972206,72972233,1
chr15,72972488,72972515,1
chr15,72972567,72972569,1
chr15,72972569,72972594,2
chr15,72972594,72972596,1
chr15,72972626,72972653,1
chr15,72972682,72972693,1
chr15,72972693,72972709,2
chr15,72972709,72972720,1
chr15,72973062,72973089,1
chr15,72973148,72973175,1
chr15,72973852,72973879,1
chr15,72974238,72974265,1
chr15,72974783,72974787,1
chr15,72974787,72974810,2
chr15,72974810,72974814,1
chr15,72974846,72974873,1
chr15,72975003,72975023,1
chr15,72975023,72975030,2
chr15,72975030,72975050,1
chr15,72975170,72975197,1
chr15,72975243,72975270,2
chr15,72975401,72975428,1
chr15,72975484,72975486,1
chr15,72975486,72975511,2
chr15,72975511,72975513,1
chr15,72975541,72975595,1
chr15,72975620,72975636,1
chr15,72975636,72975644,2
chr15,72975644,72975647,3
chr15,72975647,72975663,2
chr15,72975663,72975671,1
chr15,72975696,72975723,1
chr15,72975880,72975907,2
chr15,72975910,72975937,1
chr15,72976000,72976027,1
chr15,72976029,72976056,1
chr15,72976162,72976178,1
chr15,72976178,72976180,2
chr15,72976180,72976189,3
chr15,72976189,72976205,2
chr15,72976205,72976207,1
chr15,72976345,72976372,1
chr15,72976433,72976439,1
chr15,72976439,72976460,2
chr15,72976460,72976466,1
chr15,72976480,72976494,1
chr15,72976494,72976507,2
chr15,72976507,72976515,1
chr15,72976515,72976521,2
chr15,72976521,72976542,1
chr15,72976554,72976555,1
chr15,72976555,72976581,2
chr15,72976581,72976582,1
chr15,72976964,72976981,1
chr15,72976981,72976991,2
chr15,72976991,72977008,1
chr15,72977048,72977075,1
chr15,72977114,72977141,1
chr15,72977252,72977279,1
chr15,72977331,72977338,2
chr15,72977338,72977345,3
chr15,72977345,72977358,4
chr15,72977358,72977365,2
chr15,72977365,72977372,1
chr15,72977391,72977419,1
chr15,72977419,72977420,2
chr15,72977420,72977445,3
chr15,72977445,72977446,2
chr15,72977446,72977447,1
chr15,72977453,72977480,1
chr15,72977520,72977547,1
chr15,72977580,72977607,2
chr15,72977626,72977653,1
chr15,72977673,72977699,1
chr15,72977699,72977700,2
chr15,72977700,72977712,1
chr15,72977712,72977726,2
chr15,72977726,72977738,1
chr15,72977738,72977739,3
chr15,72977739,72977740,2
chr15,72977740,72977765,3
chr15,72977765,72977767,1
chr15,72978253,72978280,1
chr15,72978637,72978664,1
chr15,72978924,72978944,1
chr15,72978944,72978947,2
chr15,72978947,72978951,3
chr15,72978951,72978971,2
chr15,72978971,72978974,1
chr15,72979250,72979277,1
chr15,72979389,72979410,1
chr15,72979410,72979416,2
chr15,72979416,72979437,1
chr15,72979546,72979573,1
chr15,72979605,72979632,2
chr15,72979639,72979654,1
chr15,72979654,72979666,2
chr15,72979666,72979681,1
chr15,72979720,72979747,1
chr15,72979865,72979892,1
chr15,72980011,72980012,1
chr15,72980012,72980038,2
chr15,72980038,72980039,1
chr15,72980176,72980203,1
chr15,72980284,72980311,1
chr15,72980399,72980426,1
chr15,72980451,72980460,1
chr15,72980460,72980478,2
chr15,72980478,72980481,1
chr15,72980481,72980487,2
chr15,72980487,72980508,1
chr15,72980665,72980687,1
chr15,72980687,72980692,3
chr15,72980692,72980714,2
chr15,72980787,72980789,1
chr15,72980789,72980791,2
chr15,72980791,72980814,3
chr15,72980814,72980816,2
chr15,72980816,72980818,1
chr15,72980837,72980842,1
chr15,72980842,72980858,2
chr15,72980858,72980864,3
chr15,72980864,72980869,2
chr15,72980869,72980885,1
chr15,72980899,72980921,2
chr15,72980921,72980926,3
chr15,72980926,72980929,1
chr15,72980929,72980948,2
chr15,72980948,72980956,1
chr15,72980963,72980990,1
chr15,72980996,72981023,1
chr15,72981223,72981250,1
chr15,72981565,72981592,1
chr15,72981656,72981663,1
chr15,72981663,72981675,2
chr15,72981675,72981683,3
chr15,72981683,72981690,2
chr15,72981690,72981702,1
chr15,72981894,72981912,1
chr15,72981912,72981921,2
chr15,72981921,72981939,1
chr15,72981961,72981988,1
chr15,72982018,72982021,2
chr15,72982021,72982045,3
chr15,72982045,72982048,1
chr15,72982068,72982100,1
chr15,72982100,72982105,2
chr15,72982105,72982111,3
chr15,72982111,72982122,4
chr15,72982122,72982127,3
chr15,72982127,72982132,2
chr15,72982132,72982138,1
chr15,72982157,72982184,1
chr15,72982274,72982301,1
chr15,72982550,72982577,1
chr15,72982658,72982676,1
chr15,72982676,72982685,2
chr15,72982685,72982703,1
chr15,72983363,72983390,1
chr15,72983485,72983512,1
chr15,72983813,72983840,1
chr15,72984059,72984061,1
chr15,72984061,72984066,2
chr15,72984066,72984068,3
chr15,72984068,72984086,4
chr15,72984086,72984088,3
chr15,72984088,72984093,2
chr15,72984093,72984095,1
chr15,72984148,72984170,1
chr15,72984170,72984175,2
chr15,72984175,72984197,1
chr15,72984213,72984224,1
chr15,72984224,72984240,3
chr15,72984240,72984251,2
chr15,72984267,72984294,1
chr15,72984364,72984391,1
chr15,72984406,72984416,1
chr15,72984416,72984433,2
chr15,72984433,72984443,1
chr15,72984452,72984467,1
chr15,72984467,72984479,2
chr15,72984479,72984494,1
chr15,72984579,72984606,1
chr15,72984637,72984664,1
chr15,72985194,72985221,1
chr15,72985359,72985386,1
chr15,72985848,72985875,1
chr15,72985992,72986019,1
chr15,72986032,72986059,1
chr15,72986107,72986134,1
chr15,72986169,72986196,1
chr15,72986205,72986232,1
chr15,72986408,72986435,2
chr15,72986584,72986611,1
chr15,72986712,72986739,1
chr15,72987008,72987035,1
chr15,72987185,72987188,1
chr15,72987188,72987212,2
chr15,72987212,72987215,1
chr15,72988180,72988207,1
chr15,72988767,72988794,1
chr15,72989092,72989119,1
chr15,72990205,72990232,1
chr15,72990876,72990903,1
chr15,72991116,72991143,1
chr15,72991333,72991341,1
chr15,72991341,72991360,2
chr15,72991360,72991368,1
chr15,72992054,72992060,1
chr15,72992060,72992081,2
chr15,72992081,72992087,1
chr15,72992764,72992791,1
chr15,72993203,72993230,1
chr15,72993426,72993453,1
chr15,72993471,72993498,1
chr15,72993529,72993556,1
chr15,72993650,72993674,1
chr15,72993674,72993677,3
chr15,72993677,72993701,2
chr15,72993708,72993735,1
chr15,72994031,72994058,1
chr15,72994134,72994161,1
chr15,72994641,72994668,1
chr15,72994884,72994911,1
chr15,72995028,72995055,1
chr15,72995440,72995467,1
chr15,72995526,72995553,1
chr15,72995561,72995570,1
chr15,72995570,72995588,2
chr15,72995588,72995597,1
chr15,72997300,72997327,1
chr15,72997655,72997682,1
chr15,72998063,72998090,1
chr15,72998099,72998126,1
chr15,72998214,72998239,1
chr15,72998239,72998241,2
chr15,72998241,72998266,1
chr15,72998368,72998395,1
chr15,72998471,72998498,1
chr15,72998510,72998537,1
chr15,72998630,72998657,1
chr15,72998689,72998716,1
chr15,72998799,72998826,1
chr15,72998835,72998862,1
chr15,72998903,72998930,1
chr15,72998940,72998967,1
chr15,72999063,72999090,1
chr15,72999208,72999235,1
chr15,72999549,72999576,1
chr15,72999605,72999632,1
chr15,72999773,72999775,2
chr15,72999775,72999778,3
chr15,72999778,72999779,4
chr15,72999779,72999800,5
chr15,72999800,72999802,3
chr15,72999802,72999805,2
chr15,72999805,72999806,1
chr15,72999810,72999837,1
chr15,72999924,72999951,1
chr15,73000125,73000142,1
chr15,73000142,73000152,2
chr15,73000152,73000169,1
chr15,73000477,73000485,1
chr15,73000485,73000494,2
chr15,73000494,73000504,3
chr15,73000504,73000512,2
chr15,73000512,73000521,1
chr15,73001172,73001199,2
chr15,73001254,73001267,1
chr15,73001267,73001281,2
chr15,73001281,73001291,1
chr15,73001291,73001294,2
chr15,73001294,73001318,1
chr15,73001329,73001356,1
chr15,73001712,73001739,1
chr15,73001860,73001887,1
chr15,73001908,73001935,1
chr15,73001957,73001984,1
chr15,73002722,73002749,1
chr15,73002926,73002953,1
chr15,73003043,73003046,1
chr15,73003046,73003070,2
chr15,73003070,73003073,1
chr15,73003089,73003091,1
chr15,73003091,73003092,2
chr15,73003092,73003094,3
chr15,73003094,73003097,5
chr15,73003097,73003106,6
chr15,73003106,73003116,7
chr15,73003116,73003117,6
chr15,73003117,73003118,7
chr15,73003118,73003121,8
chr15,73003121,73003124,6
chr15,73003124,73003133,5
chr15,73003133,73003144,4
chr15,73003144,73003145,3
chr15,73003145,73003146,1
chr15,73003243,73003266,1
chr15,73003266,73003293,2
chr15,73003293,73003297,1
chr15,73003644,73003671,1
chr15,73004182,73004209,1
chr15,73004308,73004335,1
chr15,73006155,73006160,1
chr15,73006160,73006170,2
chr15,73006170,73006172,3
chr15,73006172,73006180,4
chr15,73006180,73006182,5
chr15,73006182,73006183,4
chr15,73006183,73006187,5
chr15,73006187,73006189,4
chr15,73006189,73006192,6
chr15,73006192,73006195,8
chr15,73006195,73006197,10
chr15,73006197,73006199,9
chr15,73006199,73006207,8
chr15,73006207,73006210,7
chr15,73006210,73006216,6
chr15,73006216,73006222,4
chr15,73006222,73006227,2
chr15,73006227,73006228,3
chr15,73006228,73006234,4
chr15,73006234,73006238,5
chr15,73006238,73006240,8
chr15,73006240,73006241,9
chr15,73006241,73006242,13
chr15,73006242,73006243,14
chr15,73006243,73006244,17
chr15,73006244,73006245,20
chr15,73006245,73006246,21
chr15,73006246,73006247,20
chr15,73006247,73006254,21
chr15,73006254,73006255,20
chr15,73006255,73006261,19
chr15,73006261,73006265,18
chr15,73006265,73006267,15
chr15,73006267,73006268,14
chr15,73006268,73006269,10
chr15,73006269,73006270,9
chr15,73006270,73006271,6
chr15,73006271,73006272,3
chr15,73006272,73006273,2
chr15,73006273,73006274,1
chr15,73008338,73008365,2
chr15,73008509,73008512,4
chr15,73008512,73008516,5
chr15,73008516,73008519,6
chr15,73008519,73008535,7
chr15,73008535,73008536,8
chr15,73008536,73008538,4
chr15,73008538,73008543,5
chr15,73008543,73008544,4
chr15,73008544,73008546,5
chr15,73008546,73008549,7
chr15,73008549,73008551,9
chr15,73008551,73008554,10
chr15,73008554,73008558,11
chr15,73008558,73008559,12
chr15,73008559,73008560,13
chr15,73008560,73008565,15
chr15,73008565,73008566,14
chr15,73008566,73008571,13
chr15,73008571,73008573,12
chr15,73008573,73008576,9
chr15,73008576,73008578,7
chr15,73008578,73008581,6
chr15,73008581,73008584,5
chr15,73008584,73008585,8
chr15,73008585,73008587,7
chr15,73008587,73008589,6
chr15,73008589,73008611,5
chr15,73008611,73008613,2
chr15,73008613,73008614,1
chr15,73008618,73008645,1
chr15,73008740,73008767,1
chr15,73009065,73009092,1
chr15,73009100,73009116,1
chr15,73009116,73009127,2
chr15,73009127,73009142,1
chr15,73009142,73009143,2
chr15,73009143,73009159,1
chr15,73009159,73009165,2
chr15,73009165,73009169,3
chr15,73009169,73009186,2
chr15,73009186,73009192,1
chr15,73010518,73010545,1
chr15,73010561,73010588,1
chr15,73010824,73010842,1
chr15,73010842,73010851,2
chr15,73010851,73010869,1
chr15,73011331,73011332,1
chr15,73011332,73011340,2
chr15,73011340,73011358,3
chr15,73011358,73011359,2
chr15,73011359,73011383,1
chr15,73011383,73011394,2
chr15,73011394,73011410,1
chr15,73011738,73011765,1
chr15,73011966,73011993,1
chr15,73012024,73012031,1
chr15,73012031,73012046,2
chr15,73012046,73012051,3
chr15,73012051,73012058,2
chr15,73012058,73012073,1
chr15,73013092,73013119,1
chr15,73013140,73013167,1
chr15,73013310,73013337,1
chr15,73013509,73013536,1
chr15,73013847,73013874,1
chr15,73014498,73014503,1
chr15,73014503,73014525,2
chr15,73014525,73014530,1
chr15,73014788,73014815,1
chr15,73014860,73014887,1
chr15,73015187,73015214,1
chr15,73015276,73015303,1
chr15,73015345,73015372,1
chr15,73015453,73015480,1
chr15,73015887,73015914,1
chr15,73017306,73017307,1
chr15,73017307,73017313,2
chr15,73017313,73017314,3
chr15,73017314,73017317,4
chr15,73017317,73017319,5
chr15,73017319,73017321,6
chr15,73017321,73017322,8
chr15,73017322,73017326,9
chr15,73017326,73017329,11
chr15,73017329,73017330,12
chr15,73017330,73017331,13
chr15,73017331,73017333,17
chr15,73017333,73017334,16
chr15,73017334,73017337,19
chr15,73017337,73017338,23
chr15,73017338,73017339,24
chr15,73017339,73017340,25
chr15,73017340,73017341,24
chr15,73017341,73017342,23
chr15,73017342,73017343,25
chr15,73017343,73017344,26
chr15,73017344,73017345,25
chr15,73017345,73017346,26
chr15,73017346,73017348,25
chr15,73017348,73017349,23
chr15,73017349,73017353,22
chr15,73017353,73017356,20
chr15,73017356,73017357,19
chr15,73017357,73017358,18
chr15,73017358,73017360,14
chr15,73017360,73017361,16
chr15,73017361,73017362,12
chr15,73017362,73017363,16
chr15,73017363,73017364,19
chr15,73017364,73017365,18
chr15,73017365,73017366,21
chr15,73017366,73017367,20
chr15,73017367,73017368,21
chr15,73017368,73017369,22
chr15,73017369,73017370,20
chr15,73017370,73017372,19
chr15,73017372,73017374,18
chr15,73017374,73017375,19
chr15,73017375,73017377,20
chr15,73017377,73017385,21
chr15,73017385,73017387,22
chr15,73017387,73017389,26
chr15,73017389,73017390,22
chr15,73017390,73017391,19
chr15,73017391,73017392,17
chr15,73017392,73017393,16
chr15,73017393,73017395,17
chr15,73017395,73017396,16
chr15,73017396,73017397,20
chr15,73017397,73017398,21
chr15,73017398,73017400,22
chr15,73017400,73017402,26
chr15,73017402,73017403,27
chr15,73017403,73017404,28
chr15,73017404,73017405,27
chr15,73017405,73017409,28
chr15,73017409,73017412,29
chr15,73017412,73017413,28
chr15,73017413,73017414,30
chr15,73017414,73017418,24
chr15,73017418,73017420,23
chr15,73017420,73017421,22
chr15,73017421,73017423,21
chr15,73017423,73017424,20
chr15,73017424,73017425,19
chr15,73017425,73017427,18
chr15,73017427,73017429,14
chr15,73017429,73017430,12
chr15,73017430,73017432,11
chr15,73017432,73017436,10
chr15,73017436,73017438,9
chr15,73017438,73017440,10
chr15,73017440,73017445,8
chr15,73017445,73017446,9
chr15,73017446,73017450,7
chr15,73017450,73017455,4
chr15,73017455,73017456,3
chr15,73017456,73017464,4
chr15,73017464,73017465,5
chr15,73017465,73017472,4
chr15,73017472,73017473,3
chr15,73017473,73017483,2
chr15,73017483,73017491,1
chr15,73017558,73017585,1
chr15,73022843,73022870,1
chr15,73027682,73027709,1
chr15,73035011,73035038,1
chr15,73035165,73035188,1
chr15,73035188,73035190,2
chr15,73035190,73035192,3
chr15,73035192,73035215,2
chr15,73035215,73035217,1
chr15,73035305,73035332,1
chr15,73035333,73035360,1
chr15,73035484,73035498,1
chr15,73035498,73035511,2
chr15,73035511,73035525,1
chr15,73035536,73035563,1
chr15,73035849,73035876,1
chr15,73035880,73035907,1
chr15,73036101,73036128,1
chr15,73036438,73036439,1
chr15,73036439,73036465,2
chr15,73036465,73036466,1
chr15,73036547,73036574,1
chr15,73038960,73038987,1
chr15,73039843,73039870,1
chr15,73042411,73042438,1
chr15,73055863,73055890,1
chr15,73062672,73062673,2
chr15,73062673,73062675,3
chr15,73062675,73062676,4
chr15,73062676,73062677,13
chr15,73062677,73062679,25
chr15,73062679,73062680,28
chr15,73062680,73062681,29
chr15,73062681,73062685,30
chr15,73062685,73062687,32
chr15,73062687,73062688,35
chr15,73062688,73062690,36
chr15,73062690,73062693,41
chr15,73062693,73062695,45
chr15,73062695,73062696,46
chr15,73062696,73062697,50
chr15,73062697,73062698,52
chr15,73062698,73062699,53
chr15,73062699,73062702,51
chr15,73062702,73062703,50
chr15,73062703,73062704,41
chr15,73062704,73062706,29
chr15,73062706,73062707,26
chr15,73062707,73062708,25
chr15,73062708,73062712,24
chr15,73062712,73062714,22
chr15,73062714,73062715,19
chr15,73062715,73062717,18
chr15,73062717,73062720,13
chr15,73062720,73062722,9
chr15,73062722,73062723,8
chr15,73062723,73062724,4
chr15,73062724,73062725,2
chr15,73062725,73062726,1
chr15,73062726,73062727,8
chr15,73062727,73062728,9
chr15,73062728,73062729,11
chr15,73062729,73062730,28
chr15,73062730,73062731,32
chr15,73062731,73062732,155
chr15,73062732,73062733,163
chr15,73062733,73062734,182
chr15,73062734,73062735,212
chr15,73062735,73062736,217
chr15,73062736,73062744,221
chr15,73062744,73062746,224
chr15,73062746,73062753,225
chr15,73062753,73062754,218
chr15,73062754,73062755,216
chr15,73062755,73062756,214
chr15,73062756,73062757,197
chr15,73062757,73062758,193
chr15,73062758,73062759,70
chr15,73062759,73062760,62
chr15,73062760,73062761,43
chr15,73062761,73062762,13
chr15,73062762,73062763,8
chr15,73062763,73062771,4
chr15,73062771,73062773,1
chr15,73066099,73066126,1
chr15,73072044,73072071,1
chr15,73074935,73074936,1
chr15,73074936,73074939,2
chr15,73074939,73074962,6
chr15,73074962,73074963,5
chr15,73074963,73074966,4
chr15,73074967,73074994,1
chr15,73091911,73091938,3
chr15,73097734,73097761,1
chr15,73102972,73102984,1
chr15,73102984,73102999,2
chr15,73102999,73103011,1
chr15,73103605,73103632,1
chr15,73103871,73103877,1
chr15,73103877,73103898,4
chr15,73103898,73103904,3
chr15,73104261,73104288,1
chr15,73104525,73104552,1
chr15,73104624,73104651,1
chr15,73104659,73104662,1
chr15,73104662,73104686,2
chr15,73104686,73104689,1
chr15,73104787,73104814,1
chr15,73104981,73105008,1
chr15,73105168,73105195,1
chr15,73105199,73105204,1
chr15,73105204,73105226,2
chr15,73105226,73105230,1
chr15,73105230,73105231,2
chr15,73105231,73105257,1
chr15,73105270,73105297,1
chr15,73105302,73105329,1
chr15,73105635,73105662,1
chr15,73105686,73105713,1
chr15,73105730,73105757,2
chr15,73106056,73106083,1
chr15,73106143,73106170,1
chr15,73106230,73106257,1
chr15,73106343,73106370,1
chr15,73106596,73106623,1
chr15,73106674,73106701,1
chr15,73106880,73106907,1
chr15,73107414,73107441,1
chr15,73107552,73107579,1
chr15,73107628,73107641,1
chr15,73107641,73107655,2
chr15,73107655,73107668,1
chr15,73107675,73107677,1
chr15,73107677,73107681,2
chr15,73107681,73107688,3
chr15,73107688,73107702,4
chr15,73107702,73107704,3
chr15,73107704,73107708,2
chr15,73107708,73107714,1
chr15,73107714,73107715,2
chr15,73107715,73107719,1
chr15,73107719,73107741,2
chr15,73107741,73107746,1
chr15,73108599,73108626,1
chr15,73108651,73108678,1
chr15,73108935,73108962,1
chr15,73109000,73109027,1
chr15,73109124,73109151,1
chr15,73109947,73109974,1
chr15,73110471,73110498,1
chr15,73110518,73110545,1
chr15,73110809,73110836,1
chr15,73111104,73111131,1
chr15,73111161,73111188,1
chr15,73111386,73111413,1
chr15,73111877,73111904,1
chr15,73111932,73111959,1
chr15,73112099,73112126,1
chr15,73113334,73113361,1
chr15,73113441,73113468,1
chr15,73113819,73113835,1
chr15,73113835,73113846,2
chr15,73113846,73113862,1
chr15,73113963,73113990,1
chr15,73114201,73114228,1
chr15,73114858,73114885,1
chr15,73115384,73115386,1
chr15,73115386,73115411,2
chr15,73115411,73115413,1
chr15,73116090,73116117,1
chr15,73117315,73117342,1
chr15,73117580,73117607,1
chr15,73118475,73118502,1
chr15,73118774,73118801,1
